{"cameraMode":{"drawMode":0,"name":"Shaded","section":"Shading Mode"},"sceneLighting":true,"audioPlay":false,"sceneViewState":{"showFog":true,"showMaterialUpdate":false,"showSkybox":true,"showFlares":true,"showImageEffects":true,"showParticleSystems":true},"in2DMode":false,"pivot":{"x":7.8290252685546879,"y":6.599334239959717,"z":-0.05078125},"rotation":{"x":0.08717229217290878,"y":-0.8995905518531799,"z":0.21045254170894624,"w":0.37262260913848879},"size":26.054147720336915,"orthographic":false}